{
  "marketing_stripe": {
    "text": "É sua primeira compra? Use o cupom STUDIO5OFF e ganhe desconto!",
    "link": ""
  },
  "contacts_stripe": {
    "pages": [
      {
        "title": "Segunda à sexta das 09:00 às 19:00",
        "link": ""
      },
      {
        "title": "Entrega para todo Brasil",
        "link": ""
      }
    ],
    "phone_wpp": true,
    "socials": true
  },
  "categories_list": {
    "featured": [
      "/acessorios-para-carro?Acessórios para Carro",
      "/acessorios-para-celular?Acessórios para Celular",
      "/fones-de-ouvidos/?Fones de Ouvidos",
      "/informatica/?Informática",
      "/smart-band/?Smartband / Smartwatch"
    ],
    "random": 6,
    "full_width": true
  },
  "desktop_megamenu": true,
  "search_input": true
}