{
  "meta_title": "",
  "meta_description": "",
  "sections": [
    {
      "type": "info-bar",
      "enabled": true
    },
    {
      "type": "dynamic-showcase",
      "load_more": true,
      "sort": "views"
    },
    {
      "type": "collection-shelf",
      "shuffle": true,
      "limit": 12,
      "page": 1,
      "collection_id": "627ad08c3da6d37bc22c8351:categories:Acessórios para Celular:/acessorios-para-celular"
    },
    {
      "type": "dynamic-showcase",
      "load_more": true,
      "sort": "sales"
    }
  ]
}